CREATE TABLE account_activity (
    location_id character varying(255) NOT NULL,
    activity character varying(255) NOT NULL,
    daily character varying(255),
    weekly character varying(255),
    monthly character varying(255),
    yearly character varying(255),
    year_to_date character varying(255)
);

CREATE TABLE app_users (
    user_id character varying(255) NOT NULL,
    password character varying(255) NOT NULL,
    email_address character varying(255),
    phone_number character varying(255),
    creation_date timestamp without time zone,
    last_login_date timestamp without time zone,
    status character varying(255)
);

CREATE TABLE atms (
    atm_id character varying(255) NOT NULL,
    location_id character varying(255),
    status character varying(255),
    switch_status character varying(255),
    hardware_status character varying(255),
    cash_status character varying(255),
    card_reader_status character varying(255),
    receipt_print_status character varying(255),
    camera_status character varying(255),
    cash_position character varying(255),
    gl_position character varying(255),
    latitude character varying(255),
    longitude character varying(255),
    last_transaction_time character varying(255)
);

CREATE TABLE location_accounts (
    location_id character varying(255) NOT NULL,
    account_no character varying(255) NOT NULL,
    title character varying(255),
    balance character varying(255) NOT NULL
);

CREATE TABLE location_images (
    id integer NOT NULL,
    created_at timestamp without time zone DEFAULT now() NOT NULL,
    location_id character varying(255),
    image_category_id character varying(255),
    image_path character varying(255)
);

CREATE TABLE location_rating (
    location_id character varying(255) NOT NULL,
    daily character varying(255),
    weekly character varying(255),
    monthly character varying(255),
    yearly character varying(255),
    year_to_date character varying(255)
);

CREATE TABLE location_relations (
    location_id character varying(255) NOT NULL,
    relation character varying(255) NOT NULL,
    description character varying(255),
    balance character varying(255)
);

CREATE TABLE location_types (
    location_type_id character varying(255) NOT NULL,
    description character varying(255)
);

CREATE TABLE public.locations (
    location_id character varying(255) NOT NULL,
    location_description character varying(255),
    address character varying(255),
    contact_no character varying(255),
    latitude character varying(255),
    longitude character varying(255),
    location_type character varying(255),
    created_at timestamp without time zone,
    finance_type character varying(255),
    location_code character varying(255),
    accounts_active character varying(255),
    accounts_closed character varying(255),
    accounts_dormant character varying(255),
    accounts_high_risk character varying(255),
    accounts_medium_risk character varying(255),
    accounts_low_risk character varying(255),
    audit_category character varying(255),
    h_id character varying(255)
);

CREATE TABLE transaction_activity (
    location_id character varying(255) NOT NULL,
    activity character varying(255) NOT NULL,
    daily character varying(255),
    weekly character varying(255),
    monthly character varying(255),
    yearly character varying(255),
    year_to_date character varying(255)
);

CREATE TABLE user_categories (
    category_id character varying(255) NOT NULL,
    description character varying(255) NOT NULL
);

CREATE TABLE user_loc_mapping (
    user_id character varying(255) NOT NULL,
    location_id character varying(255) NOT NULL,
    category_id character varying(255) NOT NULL
);

CREATE TABLE user_locations (
    user_id character varying(255) NOT NULL,
    location_id character varying(255) DEFAULT now() NOT NULL,
    category_id character varying(255) NOT NULL
);

COPY public.app_users (user_id, password, email_address, phone_number, creation_date, last_login_date, status) FROM stdin;
user_3	abc	abc@xyz.com	11122223333	\N	\N	\N
user_2	aaa	aaa@abc.com	456789	\N	\N	\N
user_1	xxx	xxx@xyz.com	\N	\N	\N	\N
\.


--
-- Data for Name: atms; Type: TABLE DATA; Schema: public; Owner: devuser
--

COPY public.atms (atm_id, location_id, status, switch_status, hardware_status, cash_status, card_reader_status, receipt_print_status, camera_status, cash_position, gl_position, latitude, longitude, last_transaction_time) FROM stdin;
\.


--
-- Data for Name: location_accounts; Type: TABLE DATA; Schema: public; Owner: devuser
--

COPY public.location_accounts (location_id, account_no, title, balance) FROM stdin;
10722	1000001206005400	Customer 1	159639.6
10722	1000007592001000	Customer 2	1765126.2
10722	1000007977001800	Customer 3	5920.1
10722	1000008044001000	Customer 4	9232.4
10722	1000020072001400	Customer 5	238845.2
10722	1000020260002900	Customer 6	1320
10722	1000020350001400	Customer 7	70549.2
10722	1000020374002200	Customer 8	7385.1
10722	1000020587001500	Customer 9	1047450.7
10722	1000021127001900	Customer 10	407636.6
10722	1000021155002500	Customer 11	88482.7
10722	1000021292001700	Customer 12	1633842.4
10722	1000021682001200	Customer 13	0
10722	1000021966001700	Customer 14	7501259.2
10722	1000022175001200	Customer 15	264682.3
10722	1000022791001900	Customer 16	0
10722	1000022932002700	Customer 17	12058082
10722	1000022960001000	Customer 18	129191.9
10722	1000023284001900	Customer 19	11991.6
10722	1000027814001000	Customer 20	5599430.5
10722	1000042649001300	Customer 21	14158.8
10722	1000102830002800	Customer 22	549931.1
10722	1000137866002100	Customer 23	11.2
10722	1000138650001700	Customer 24	14717
10722	1000143368002400	Customer 25	51124.6
10722	1000195277006500	Customer 26	32321.3
10722	1000196717003000	Customer 27	5909
10722	1000202108002400	Customer 28	6160
10722	1000320967003100	Customer 29	25108.7
10722	1000379315003600	Customer 30	7395652.9
10722	1000389851002700	Customer 31	2092324.8
10722	1000430111005300	Customer 32	88271.5
10722	1000433574002000	Customer 33	51493
10722	1000475208003700	Customer 34	110957
10722	1000489009001700	Customer 35	711951
10722	1000517221001600	Customer 36	611536.3
10722	1000529333004700	Customer 37	268.6
10722	1000541626001000	Customer 38	6950
10722	1000542758001000	Customer 39	0
10722	1000544775001400	Customer 40	784.6
10722	1000606667003800	Customer 41	2740
10722	1000652586002000	Customer 42	51733
10722	1000658714001500	Customer 43	590369.4
10722	1000659267001100	Customer 44	1670.1
10722	1000660269001600	Customer 45	540
10722	1000665573001900	Customer 46	389618.6
10722	1000670805001000	Customer 47	4892967.5
10722	1000700344013800	Customer 48	48667.6
10722	1000711794001300	Customer 49	3365.8
10722	1000728813001400	Customer 50	13915.5
10722	1000733541001000	Customer 51	10460
10722	1000733739001900	Customer 52	188928.7
10722	1000733770001800	Customer 53	4500
10722	1000733957001500	Customer 54	21402.3
10722	1000734074001000	Customer 55	476728.1
10722	1000735386001300	Customer 56	16570
10722	1000736021001600	Customer 57	30500
10722	1000736090001600	Customer 58	4334.2
10722	1000736314001400	Customer 59	25344.9
10722	1000739239001500	Customer 60	5.2
10722	1000740823001100	Customer 61	73.9
10722	1000741371001200	Customer 62	89846.5
10722	1000741791001600	Customer 63	25.5
10722	1000745853001000	Customer 64	789976.8
10722	1000748020001300	Customer 65	117212.7
10722	1000752175001800	Customer 66	132.6
10722	1000754631001000	Customer 67	14.9
10722	1000755329001400	Customer 68	130823.1
10722	1000770563001900	Customer 69	405.5
10722	1000786455001900	Customer 70	10899.1
10722	1000790290001600	Customer 71	720.8
10722	1000837297001000	Customer 72	7843.6
10722	1000851011001600	Customer 73	136616.1
10722	1000852717001000	Customer 74	4330
10722	1000855694001500	Customer 75	10922
10722	1000867581002300	Customer 76	12320
10722	1000868738002000	Customer 77	40400
10722	1000887140001900	Customer 78	9401
10722	1000889984001900	Customer 79	4449.6
10722	1000890310001200	Customer 80	68.2
10722	1000897179001900	Customer 81	5000
10722	1000916901001900	Customer 82	5000
10722	1000920031001700	Customer 83	1000
10722	1000925779002000	Customer 84	69175.7
10722	1000935510001600	Customer 85	39217.8
10722	1000943720003400	Customer 86	123456.7
10722	1000954075003000	Customer 87	47141.6
10722	1000955882001700	Customer 88	6331
10722	1000990750032700	Customer 89	0
10722	1000999576002600	Customer 90	964
10722	1001022192002200	Customer 91	127890.8
10722	1001031458002100	Customer 92	7500
10722	1001045582003900	Customer 93	262499.7
10722	1001045989009900	Customer 94	6649
10722	1001139293001000	Customer 95	1169.9
10722	1001154261002000	Customer 96	70095.2
10722	1001206382004100	Customer 97	173897.7
10722	1001206852002300	Customer 98	43612
10722	1001213406001700	Customer 99	1187.9
10072	1001216897001300	Customer 100	862
10072	1001222020001100	Customer 101	717768.4
10072	1001222833001800	Customer 102	503083.4
10072	1001223910001800	Customer 103	0
10072	1001387035004300	Customer 104	247.1
10072	1001424232002100	Customer 105	625
10072	1001434335002300	Customer 106	5000
10072	1001439446002000	Customer 107	16175.3
10072	1001441875006800	Customer 108	32153.3
10072	1001451531001500	Customer 109	356382.5
10072	1001459034003800	Customer 110	0
10072	1001495764001200	Customer 111	0
10072	1001497173001500	Customer 112	5225.4
10072	1001497288001800	Customer 113	308178.5
10072	1001502947001200	Customer 114	14.6
10072	1001503013001500	Customer 115	3237.9
10072	1001513754001700	Customer 116	354.6
10072	1001515866001900	Customer 117	8.8
10072	1001519675002200	Customer 118	7838.2
10072	1001521470001600	Customer 119	107.4
10072	1001521610001900	Customer 120	2193341.9
10072	1001525915001000	Customer 121	8999.5
10072	1001527401001500	Customer 122	5041.5
10072	1001529483001100	Customer 123	5482.3
10072	1001533867001100	Customer 124	584.4
10072	1001543205001000	Customer 125	961981.8
10072	1001544196001700	Customer 126	235.7
10072	1001545447001400	Customer 127	2390.3
10072	1001545652001000	Customer 128	1475.2
10072	1001553291001800	Customer 129	35301.7
10072	1001554755001400	Customer 130	284681.1
10072	1001555826002400	Customer 131	44330.7
10072	1001581931002300	Customer 132	4024680.6
10072	1001587653001600	Customer 133	0
10072	1001607097001000	Customer 134	8698.4
10072	1001649112002000	Customer 135	10430
10072	1001653297002200	Customer 136	8.3
10072	1001653418002900	Customer 137	101165.8
10072	1001690976002500	Customer 138	52931907
10072	1001763287002300	Customer 139	425096.9
10072	1001763734001900	Customer 140	311.5
10072	1001794974001700	Customer 141	1716.9
10072	1001810813001800	Customer 142	896.9
10072	1001835610002900	Customer 143	74.4
10072	1001836110007600	Customer 144	6792.7
10072	1001845245001800	Customer 145	18244
10072	1001859745002000	Customer 146	82404030
10072	1001860001009100	Customer 147	2873.1
10072	1001860015001000	Customer 148	0
10072	1001893401001300	Customer 149	294531.5
10072	1001895234001600	Customer 150	2516.2
10072	1001896662001200	Customer 151	7280.1
10072	1001898402002000	Customer 152	0
10072	1001900865001300	Customer 153	162202.1
10072	1001901158001400	Customer 154	9846.3
10072	1001902144001300	Customer 155	2.9
10072	1001903282001900	Customer 156	4101527.5
10072	1001904866001500	Customer 157	20907.8
10072	1001904946001400	Customer 158	4582149.4
10072	1001905003001300	Customer 159	22754.9
10072	1001905114001000	Customer 160	30264.5
10072	1001906455001100	Customer 161	60854
10072	1001907021001700	Customer 162	27440.5
10072	1001907212001200	Customer 163	11399
10072	1001907942001200	Customer 164	3940.1
10072	1001908496001800	Customer 165	3414.4
10072	1001910884002600	Customer 166	3831.8
10072	1001915601001200	Customer 167	66744.9
10072	1001915808001500	Customer 168	20164.4
10072	1001918014001000	Customer 169	24.6
10072	1001918503001000	Customer 170	443678.3
10072	1001920120001500	Customer 171	161088.7
10072	1001922437001100	Customer 172	8136164.1
10072	1001922834003500	Customer 173	921417
10072	1001923105001000	Customer 174	5925282.9
10072	1001925135001400	Customer 175	1408629.5
10072	1001928286001600	Customer 176	20458.2
10072	1001929921001400	Customer 177	5020
10072	1001930056001300	Customer 178	357.5
10072	1001930107001300	Customer 179	318840
10072	1001930116001700	Customer 180	14731.4
10072	1001930117001600	Customer 181	14508.4
10072	1001930140001000	Customer 182	1446971.2
10072	1001930874001700	Customer 183	58675.3
10072	1001931293001400	Customer 184	19996.1
10072	1001931879001000	Customer 185	56685.6
10072	1001932183001500	Customer 186	10000
10072	1001933308001600	Customer 187	100408.9
10072	1001934014001700	Customer 188	2831209
10072	1001934374001700	Customer 189	37540515.5
10072	1001934766001000	Customer 190	3010154.2
10072	1001935035001000	Customer 191	34157910.2
10072	1001935114001000	Customer 192	9612
10072	1001935537001000	Customer 193	2861.2
10072	1001936396001700	Customer 194	1031
10072	1001938495001900	Customer 195	7141.5
10072	1001938548001700	Customer 196	21882.9
10072	1001938862001100	Customer 197	670321.6
10072	1001939010001100	Customer 198	7.4
10072	1001939440001800	Customer 199	3975.4
10172	1001939648002600	Customer 200	16823.6
10172	1001939650001000	Customer 201	3769673.8
10172	1001940245001000	Customer 202	530.4
10172	1001941026001300	Customer 203	15615.9
10172	1001941116001500	Customer 204	135830
10172	1001941614001000	Customer 205	31257.1
10172	1001941813001000	Customer 206	19831.8
10172	1001942487001500	Customer 207	3323.3
10172	1001942608001100	Customer 208	2012.2
10172	1001942753002000	Customer 209	0
10172	1001943293001000	Customer 210	3725
10172	1001943404001400	Customer 211	93966
10172	1001943749002000	Customer 212	28822724
10172	1001943781001200	Customer 213	13165381.7
10172	1001944476002600	Customer 214	9430
10172	1001946260001000	Customer 215	667746
10172	1001946733001100	Customer 216	1395
10172	1001946756001400	Customer 217	896750
10172	1001947392001900	Customer 218	3004286.9
10172	1001947507001900	Customer 219	1778095
10172	1001948041001000	Customer 220	139.2
10172	1001948351001700	Customer 221	3455.1
10172	1001948448001200	Customer 222	15305250
10172	1001948491001200	Customer 223	3953
10172	1001948498001600	Customer 224	3187.9
10172	1001950355001800	Customer 225	11700
10172	1001951250001600	Customer 226	256346.4
10172	1001951618001600	Customer 227	15.3
10172	1001952359001000	Customer 228	2798.5
10172	1001952452002800	Customer 229	0
10172	1001952686001500	Customer 230	169.9
10172	1001953124001600	Customer 231	11203015.3
10172	1001954383001000	Customer 232	7055120.5
10172	1001954562001500	Customer 233	16027.9
10172	1001955471001200	Customer 234	871.5
10172	1001955777001000	Customer 235	164873.5
10172	1001956220001900	Customer 236	6141724
10172	1001957364001900	Customer 237	5002584.7
10172	1001957395001600	Customer 238	1880.6
10172	1001958668001700	Customer 239	1900.3
10172	1001958680001000	Customer 240	8810.4
10172	1001958688001200	Customer 241	1741.1
10172	1001959017001500	Customer 242	1288690.1
10172	1001959258001400	Customer 243	207053.9
10172	1001960055001400	Customer 244	2717.2
10172	1001960419001800	Customer 245	11092
10172	1001960714001600	Customer 246	108318.7
10172	1001961046001900	Customer 247	2792333.2
10172	1001961413001100	Customer 248	151072
10172	1001962225001100	Customer 249	24000.4
10172	1001962752001500	Customer 250	109146.8
10172	1001963273001500	Customer 251	3931523.2
10172	1001963922001400	Customer 252	2691
10172	1001964400001600	Customer 253	68197.3
10172	1001964444001300	Customer 254	9436220.5
10172	1001964717001600	Customer 255	22736510.7
10172	1001964744001700	Customer 256	91146.9
10172	1001964805001000	Customer 257	10020.3
10172	1001965311001100	Customer 258	452528.6
10172	1001965397001800	Customer 259	1663664.5
10172	1001965398001700	Customer 260	956.9
10172	1001965578001000	Customer 261	0
10172	1001965741001800	Customer 262	0.4
10172	1001966039001400	Customer 263	245382.3
10172	1001966192001100	Customer 264	570193.6
10172	1001966774001100	Customer 265	217600.3
10172	1001967006001700	Customer 266	14934.7
10172	1001967330001400	Customer 267	761.9
10172	1001967373001200	Customer 268	2454.4
10172	1001967645001600	Customer 269	18456.2
10172	1001967988001800	Customer 270	10979.5
10172	1001968909001300	Customer 271	0
10172	1001969320001800	Customer 272	3303
10172	1001970036001800	Customer 273	2836.9
10172	1001970437001500	Customer 274	169195.1
10172	1001970713001700	Customer 275	33820
10172	1001971539001600	Customer 276	49403.7
10172	1001971766001600	Customer 277	236.6
10172	1001972854001800	Customer 278	0
10172	1001973223001100	Customer 279	5976.5
10172	1001973741001100	Customer 280	9410
10172	1001975248001900	Customer 281	1690
10172	1001975305001500	Customer 282	5009.2
10172	1001988253002700	Customer 283	923869.5
10172	1001989766001100	Customer 284	189827.5
10172	1001992861001300	Customer 285	672034.9
10172	1001993017001600	Customer 286	14316
10172	1001993038001000	Customer 287	1561816.1
10172	1001993956001900	Customer 288	12084085.2
10172	1001996262001800	Customer 289	9105.9
10172	1001996496001100	Customer 290	2500
10172	1001996582001700	Customer 291	19561.1
10172	1001997334001000	Customer 292	53545.6
10172	1001997709001600	Customer 293	4.1
10172	1002000006001200	Customer 294	1066.5
10172	1002001508001100	Customer 295	2340
10172	1002001940001800	Customer 296	482688.5
10172	1002007422001700	Customer 297	246036.6
10172	1002009360001100	Customer 298	0
10172	1002010112001300	Customer 299	16294.6
10272	1002012049001700	Customer 300	384324
10272	1002013007001600	Customer 301	219722.4
10272	1002013425001100	Customer 302	20590.9
10272	1002014323001700	Customer 303	1259566.6
10272	1002015264001000	Customer 304	16981
10272	1002015783001000	Customer 305	12814.1
10272	1002016833001900	Customer 306	1137.4
10272	1002017685001000	Customer 307	86293.9
10272	1002018070001200	Customer 308	46195.8
10272	1002018131001500	Customer 309	2489993.9
10272	1002018596001500	Customer 310	3864.3
10272	1002018846001500	Customer 311	371606.7
10272	1002019714002900	Customer 312	2940
10272	1002019786001000	Customer 313	5248.7
10272	1002020950001200	Customer 314	2028240.9
10272	1002021183001000	Customer 315	12142.6
10272	1002021254001500	Customer 316	0
10272	1002021573001500	Customer 317	110906
10272	1002021704001400	Customer 318	394273.4
10272	1002022293001500	Customer 319	12350
10272	1002023344001300	Customer 320	18
10272	1002023347001000	Customer 321	24.9
10272	1002023418001600	Customer 322	10.5
10272	1002024825001800	Customer 323	0
10272	1002025311001400	Customer 324	10
10272	1002025431001400	Customer 325	0
10272	1002025576001500	Customer 326	10.7
10272	1002026918001300	Customer 327	7992
10272	1002027304001500	Customer 328	6637.7
10272	1002027984001400	Customer 329	5113.9
10272	1002029010001400	Customer 330	3356346.2
10272	1002029309001700	Customer 331	661385
10272	1002030250001000	Customer 332	5751.3
10272	1002030348001500	Customer 333	117174
10272	1002032666001200	Customer 334	190883.2
10272	1002035668004400	Customer 335	196975.6
10272	1002036028002100	Customer 336	4715.2
10272	1002038340001800	Customer 337	3847246.1
10272	1002053429001800	Customer 338	0
10272	1002053865001000	Customer 339	70.5
10272	1002054107001900	Customer 340	647.5
10272	1002059087001700	Customer 341	58855.2
10272	1002079472002300	Customer 342	81040.9
10272	1002079817002000	Customer 343	4430
10272	1002163093002400	Customer 344	698644
10272	1002184380002600	Customer 345	8118.5
10272	1002186609003200	Customer 346	1581.5
10272	1002198497001300	Customer 347	18282.9
10272	1002198582001000	Customer 348	197604.3
10272	1002202395001500	Customer 349	815.3
10272	1002202935001600	Customer 350	83355.9
10272	1002221063001700	Customer 351	4487.8
10272	1002223849002500	Customer 352	1076729.1
10272	1002224659001000	Customer 353	16000701.8
10272	1002227523001800	Customer 354	360
10272	1002228063001400	Customer 355	9500288.3
10272	1002229158001000	Customer 356	11321.8
10272	1002230366001000	Customer 357	1852.2
10272	1002232326004400	Customer 358	1282
10272	1002251118003600	Customer 359	1704.8
10272	1002315227002400	Customer 360	5172.9
10272	1002329415002500	Customer 361	10000
10272	1002340110002200	Customer 362	574945.7
10272	1002352073002800	Customer 363	0
10272	1002359408002000	Customer 364	755
10272	1002386672002900	Customer 365	7773.2
10272	1002394037002000	Customer 366	6122.5
10272	1002396033001300	Customer 367	9566
10272	1002397604001000	Customer 368	15140.5
10272	1002402535001500	Customer 369	1012500
10272	1002408184002700	Customer 370	0
10272	1002409977001000	Customer 371	38095.9
10272	1002412891001900	Customer 372	79433.9
10272	1002413132001800	Customer 373	5078.1
10272	1002413595002600	Customer 374	2946479.1
10272	1002414405001900	Customer 375	211
10272	1002417331001000	Customer 376	10500
10272	1002460604002200	Customer 377	148172.1
10272	1002463204001200	Customer 378	1369629.6
10272	1002463834001800	Customer 379	203650.4
10272	1002463836001600	Customer 380	12981
10272	1002466346001000	Customer 381	1573537
10272	1002466824001000	Customer 382	741440.1
10272	1002469394001000	Customer 383	227.9
10272	1002469492001700	Customer 384	2344776.4
10272	1002496732002600	Customer 385	4446.5
10272	1002505728001700	Customer 386	2129961.1
10272	1002542152001900	Customer 387	5368592
10272	1002549826001600	Customer 388	40280
10272	1002593432001500	Customer 389	0
10272	1002598775001800	Customer 390	39980
10272	1002606635001000	Customer 391	0
10272	1002606895001500	Customer 392	1510
10272	1002618847001600	Customer 393	75359.4
10272	1002619078001500	Customer 394	152560
10272	1002620905001600	Customer 395	10000
10272	1002623293001500	Customer 396	71133.9
10272	1002671736001200	Customer 397	520
10272	1002674328001400	Customer 398	0
10272	1002676849002400	Customer 399	550
10741	1002683759001100	Customer 400	23420141.6
10741	1002704041001600	Customer 401	10050
10741	1002706168001600	Customer 402	2330
10741	1002710557001300	Customer 403	3736.9
10741	1002711613001900	Customer 404	82054.5
10741	1002712326001300	Customer 405	5.5
10741	1002713989001200	Customer 406	46222.7
10741	1002717057001800	Customer 407	6345.5
10741	1002717205001500	Customer 408	2741026
10741	1002717418002000	Customer 409	123456.7
10741	1002718510001400	Customer 410	3460
10741	1002721236001300	Customer 411	4310
10741	1002734973001300	Customer 412	2319
10741	1002737327005900	Customer 413	123456.7
10741	1002770837001100	Customer 414	9504.3
10741	1002789438001600	Customer 415	3486483
10741	1002817598001400	Customer 416	4069.3
10741	1002817749001900	Customer 417	1468.2
10741	1002818673001600	Customer 418	35.4
10741	1002819123001800	Customer 419	10000
10741	1002819800001700	Customer 420	175.5
10741	1002820329001800	Customer 421	1877315.2
10741	1002820418001000	Customer 422	466500
10741	1002822113001800	Customer 423	177879.4
10741	1002823583001300	Customer 424	46080
10741	1002824774001700	Customer 425	4800
10741	1002824909002900	Customer 426	810
10741	1002826217001100	Customer 427	15490.7
10741	1002827052001600	Customer 428	10000
10741	1002827744001300	Customer 429	76850.6
10741	1002845590001500	Customer 430	1000
10741	1002850282001600	Customer 431	1251250
10741	1002980400003100	Customer 432	7000
10741	1003103740002000	Customer 433	1130281
10741	1003141389001200	Customer 434	0
10741	1003214920007800	Customer 435	37100
10741	1003217212003000	Customer 436	28.6
10741	1003233536001000	Customer 437	1303.8
10741	1003267546001600	Customer 438	4965507.5
10741	1003282868001200	Customer 439	318757.5
10741	1003333561001700	Customer 440	163985.2
10741	1003342446002000	Customer 441	100000
10741	1003357528001200	Customer 442	10538.2
10741	1003382331001100	Customer 443	4369594.9
10741	1003450324002000	Customer 444	763054.7
10741	1003451271001300	Customer 445	9355
10741	1003465855001400	Customer 446	35888
10741	1003495998001700	Customer 447	20826846.4
10741	1003511111001600	Customer 448	270
10741	1003536780001400	Customer 449	2068.3
10741	1003536915001000	Customer 450	38029.6
10741	1003557974010000	Customer 451	5000
10741	1003583613001300	Customer 452	306248.5
10741	1003584938002200	Customer 453	1000
10741	1003716886001000	Customer 454	1000
10741	1003771316001800	Customer 455	430
10741	1003773251001500	Customer 456	111350
10741	1003776690001000	Customer 457	15698.5
10741	1003789816001600	Customer 458	2316.2
10741	1003791754001900	Customer 459	7026
10741	1003792724001900	Customer 460	1327.6
10741	1003794668001800	Customer 461	0
10741	1003797396001900	Customer 462	2655.7
10741	1003812765001200	Customer 463	22680
10741	1003817931001800	Customer 464	25757.7
10741	1003826709001500	Customer 465	100
10741	1003842363008000	Customer 466	123456.7
10741	1003938304002800	Customer 467	409912
10741	1003941293001500	Customer 468	870.4
10741	1003942408001300	Customer 469	2120
10741	1003950303001700	Customer 470	3700
10741	1004065140002100	Customer 471	4894.1
10741	1004073478001300	Customer 472	4176377.3
10741	1004074852002600	Customer 473	1768923.8
10741	1004075539001200	Customer 474	600.6
10741	1004084224001200	Customer 475	484371.2
10741	1004084273001700	Customer 476	7549.1
10741	1004084534001900	Customer 477	13.3
10741	1004085640001800	Customer 478	2968.2
10741	1004086684001300	Customer 479	1291494.8
10741	1004087133001600	Customer 480	2307907.5
10741	1004087735001100	Customer 481	52603
10741	1004089698001700	Customer 482	1233548.4
10741	1004090232001400	Customer 483	55158.3
10741	1004091249001900	Customer 484	3966.2
10741	1004091648001800	Customer 485	2766266
10741	1004091957001500	Customer 486	1419783.2
10741	1004096419001000	Customer 487	35970.5
10741	1004096966001000	Customer 488	645.2
10741	1004097199001700	Customer 489	310433.7
10741	1004097293001700	Customer 490	596931
10741	1004097985001400	Customer 491	10938.1
10741	1004098003001100	Customer 492	2603.2
10741	1004098348001100	Customer 493	488.8
10741	1004098351001000	Customer 494	795.5
10741	1004098361001300	Customer 495	363
10741	1004099354001600	Customer 496	129497.2
10741	1004099422001400	Customer 497	3184.9
10741	1004100273001800	Customer 498	5000
10741	1004100805001400	Customer 499	10924
10825	1004100814001800	Customer 500	134320.4
10825	1004103423001800	Customer 501	3133.5
10825	1004103890001800	Customer 502	634.2
10825	1004104870001000	Customer 503	947446.5
10825	1004105241001200	Customer 504	28557.7
10825	1004105763001900	Customer 505	63506738.8
10825	1004106309001700	Customer 506	1800
10825	1004106729001000	Customer 507	4949807.5
10825	1004106811001000	Customer 508	140
10825	1004107381001400	Customer 509	220
10825	1004107573001900	Customer 510	10826.4
10825	1004107854001600	Customer 511	540590.8
10825	1004108568001000	Customer 512	7382.7
10825	1004109306001400	Customer 513	37519
10825	1004109347001400	Customer 514	29116024.9
10825	1004109962001100	Customer 515	5253.5
10825	1004110074001800	Customer 516	73825.1
10825	1004110678001100	Customer 517	1051495
10825	1004110953001400	Customer 518	3150
10825	1004110970001200	Customer 519	10890
10825	1004111528001100	Customer 520	0
10825	1004111633001300	Customer 521	252800
10825	1004111650001100	Customer 522	5326540.9
10825	1004111850001000	Customer 523	3564.2
10825	1004112139001300	Customer 524	2980.2
10825	1004112558001800	Customer 525	9004906
10825	1004112819001000	Customer 526	6754.9
10825	1004112968001900	Customer 527	14667.7
10825	1004113117001800	Customer 528	4989.8
10825	1004116240001100	Customer 529	3890628.3
10825	1004116679001000	Customer 530	9987968.3
10825	1004116869001600	Customer 531	750
10825	1004206383001800	Customer 532	29500
10825	1004227401001000	Customer 533	909.1
10825	1004244902001800	Customer 534	10000
10825	1004259386001000	Customer 535	0
10825	1004307889001700	Customer 536	58.5
10825	1004338703001400	Customer 537	5000
10825	1004348408001600	Customer 538	113040
10825	1004350600001700	Customer 539	30000
10825	1004370407001100	Customer 540	6250
10825	1004376024001000	Customer 541	5600
10825	1004388130001800	Customer 542	62
10825	1004392872001000	Customer 543	653439.3
10825	1004396034001300	Customer 544	10787.5
10825	1004398671001000	Customer 545	566
10825	1004398976001000	Customer 546	1400.7
10825	1004401831001500	Customer 547	10000
10825	1004402524001400	Customer 548	110437.9
10825	1004402811001800	Customer 549	725.2
10825	1004403571001900	Customer 550	1400
10825	1004403736001200	Customer 551	3367877.5
10825	1004405624001300	Customer 552	225745
10825	1004406528001300	Customer 553	0
10825	1004407365001600	Customer 554	7601.3
10825	1004409995001800	Customer 555	0
10825	1004432632002000	Customer 556	2740
10825	1004479744002200	Customer 557	7740
10825	1004482952001200	Customer 558	5662915
10825	1004503452001100	Customer 559	19410
10825	1004509026001000	Customer 560	1011400
10825	1004512362001100	Customer 561	1500
10825	1004514731001900	Customer 562	0
10825	1004537699001800	Customer 563	1000
10825	1004538119001100	Customer 564	1771
10825	1004541685001000	Customer 565	10300
10825	1004546460001000	Customer 566	10000
10825	1004571692001500	Customer 567	2333.5
10825	1004600509003800	Customer 568	0
10825	1004645548001800	Customer 569	973350
10825	1004655378001700	Customer 570	4677.5
10825	1004659395001800	Customer 571	151220
10825	1004663332001500	Customer 572	39959
10825	1004668012001700	Customer 573	1670.1
10825	1004687994002600	Customer 574	249520
10825	1004688854001200	Customer 575	1000
10825	1004703049002800	Customer 576	0
10825	1004732056001900	Customer 577	1000
10825	1004774853001400	Customer 578	1408.1
10825	1004792718001800	Customer 579	1000
10825	1004793469001500	Customer 580	15379.4
10825	1004800624001700	Customer 581	3688560
10825	1004807822001500	Customer 582	1000
10825	1004812921001000	Customer 583	1000
10825	1004820400001600	Customer 584	0
10825	1004838945001000	Customer 585	200
10825	1004842253001400	Customer 586	11303.9
10825	1004864043001900	Customer 587	0
10825	1004866632001000	Customer 588	304
10825	1004900740001400	Customer 589	0
10825	1004903984001500	Customer 590	1555000
10825	1004937609001800	Customer 591	5000
10825	1004938630001200	Customer 592	29381.3
10825	1004939117001600	Customer 593	7783.4
10825	1004944408001500	Customer 594	452285.5
10825	1004955076001600	Customer 595	6425.2
10825	1004956286002200	Customer 596	123456.7
10825	1004960921001700	Customer 597	1039354
10825	1004967871001300	Customer 598	0
10825	1004968185001900	Customer 599	470
11203	1004976608001000	Customer 600	2733541.2
11203	1004982571001900	Customer 601	7680
11203	1004984911001700	Customer 602	3082402
11203	1004984950001900	Customer 603	3496425.6
11203	1004991017001600	Customer 604	304
11203	1005001636001200	Customer 605	1215572
11203	1005006846001500	Customer 606	484.6
11203	1005027139001600	Customer 607	3192.3
11203	1005030911001700	Customer 608	9650
11203	1005041371002000	Customer 609	4523
11203	1005069454001600	Customer 610	630
11203	1005093171001100	Customer 611	6238034.5
11203	1005100768001900	Customer 612	100
11203	1005107250001800	Customer 613	29577.5
11203	1005133382001600	Customer 614	991503.8
11203	1005140137001400	Customer 615	1000
11203	1005144720002400	Customer 616	10000
11203	1005154837001900	Customer 617	7680
11203	1005160779001000	Customer 618	4069.9
11203	1005170850002400	Customer 619	12087.4
11203	1005191552003300	Customer 620	0
11203	1005265857001600	Customer 621	1000
11203	1005312820001300	Customer 622	600
11203	1005322543001200	Customer 623	3010000
11203	1005328394001500	Customer 624	19962
11203	1005328747001700	Customer 625	847
11203	1005343313001300	Customer 626	1000
11203	1005350898001900	Customer 627	0
11203	1005364565003500	Customer 628	-47489380
11203	1005367370001500	Customer 629	11000
11203	1005368687001300	Customer 630	10220220
11203	1005370736001000	Customer 631	0
11203	1005397224001300	Customer 632	0
11203	1005408895001000	Customer 633	15277.5
11203	1005424166001700	Customer 634	5992.5
11203	1005428450001600	Customer 635	1227.7
11203	1005438289001700	Customer 636	1375
11203	1005452329001600	Customer 637	0
11203	1005481480001700	Customer 638	1111
11203	1005487134001500	Customer 639	147820
11203	1005499520001000	Customer 640	1300
11203	1005501223001200	Customer 641	33792.5
11203	1005521253002700	Customer 642	0
11203	1005544284001200	Customer 643	3406.8
11203	1005547226001900	Customer 644	200
11203	1005549845002500	Customer 645	1369.5
11203	1005583064001000	Customer 646	850000
11203	1005583067001700	Customer 647	205272.3
11203	1005584396001800	Customer 648	10388953.1
11203	1005593775001300	Customer 649	6023
11203	1005615779002600	Customer 650	1000
11203	1005693336002300	Customer 651	8
11203	1005728634001700	Customer 652	1925
11203	1005744590001000	Customer 653	650977.5
11203	1005745005001600	Customer 654	2790
11203	1005750420001300	Customer 655	2374.7
11203	1005754962001800	Customer 656	640
11203	1005774354001600	Customer 657	520
11203	1005776644001300	Customer 658	570
11203	1005778997001400	Customer 659	96230
11203	1005784494001100	Customer 660	130023
11203	1005788576001100	Customer 661	7.5
11203	1005789760001100	Customer 662	0
11203	1005798029001200	Customer 663	0
11203	1005805557001400	Customer 664	10460
11203	1005812140001500	Customer 665	545190
11203	1005812622001000	Customer 666	304381
11203	1005822525001300	Customer 667	300.8
11203	1005826726001400	Customer 668	3670
11203	1005842239001900	Customer 669	32269.5
11203	1005845142001800	Customer 670	5044
11203	1005852831001300	Customer 671	47155.5
11203	1006050821006200	Customer 672	123456.7
11203	1006385918001800	Customer 673	130
11203	1006444826001300	Customer 674	1786653.2
11203	1006559605002000	Customer 675	0
11203	1006567483005800	Customer 676	0
11203	1006598844002300	Customer 677	123456.7
11203	1006643281001600	Customer 678	3043.6
11203	1006690556001200	Customer 679	20000
11203	1006727960001000	Customer 680	650
11203	1006730297001200	Customer 681	1000
11203	1006962354001200	Customer 682	3550
11203	1007239267002100	Customer 683	13143608
11203	1007278620001000	Customer 684	90886.6
11203	1007623297001900	Customer 685	100.5
11203	1007866571001400	Customer 686	40
11203	1007888625001800	Customer 687	2000
11203	1007979687001400	Customer 688	140
11203	1007982511001900	Customer 689	0
11203	1008037906001300	Customer 690	1087.5
11203	1008059111001000	Customer 691	56708
11203	1008062552001100	Customer 692	1066700
11203	1008069245001000	Customer 693	123456.7
11203	1008075784001100	Customer 694	650
11203	1008082129001900	Customer 695	41040
11203	1008126835001300	Customer 696	2441906
11203	1008136519001000	Customer 697	10000
11203	1008158228003000	Customer 698	208
11203	1008202473001900	Customer 699	3100
10423	1008233350001000	Customer 700	0
10423	1008242367001800	Customer 701	2500
10423	1008341892001900	Customer 702	620
10423	1008371123002300	Customer 703	123456.7
10423	1008416248001700	Customer 704	108
10423	1008432440002700	Customer 705	13889441.9
10423	1008457054001200	Customer 706	7848567
10423	1008458555001200	Customer 707	23320
10423	1008460966001700	Customer 708	974613.9
10423	1008462363001900	Customer 709	0
10423	1008475452001600	Customer 710	4884
10423	1008481482001100	Customer 711	0
10423	1008483512002000	Customer 712	123456.7
10423	1008486012001500	Customer 713	264.4
10423	1008486940001600	Customer 714	0
10423	1008487119001100	Customer 715	778
10423	1008489451001000	Customer 716	0
10423	1008490479001400	Customer 717	0
10423	1008492415001800	Customer 718	1000
10423	1008493651002600	Customer 719	123456.7
10423	1008638504001700	Customer 720	89350
10423	1008704323002100	Customer 721	123456.7
10423	1008718659001400	Customer 722	0
10423	1008780586002100	Customer 723	123456.7
10423	1008823620001700	Customer 724	4688975
10423	1008831356001000	Customer 725	927267.8
10423	1008832258001100	Customer 726	123456.7
10423	1008844003001000	Customer 727	2477813.1
10423	1008852098001300	Customer 728	8620
10423	1008858393001000	Customer 729	108
10423	1008858895001100	Customer 730	3608
10423	1008863039001400	Customer 731	298
10423	1008865844002000	Customer 732	299366.3
10423	1008870826001600	Customer 733	26978
10423	1008880328001100	Customer 734	9255.5
10423	1008880509001400	Customer 735	0
10423	1008880848001000	Customer 736	3986688
10423	1008882894001300	Customer 737	690.2
10423	1008885244001700	Customer 738	123456.7
10423	1008893547001100	Customer 739	123456.7
10423	1008933340001200	Customer 740	20089
10423	1009098318001000	Customer 741	0
10423	1009105526001300	Customer 742	260
10423	1009108163001300	Customer 743	123456.7
10423	1009112496001300	Customer 744	119170
10423	1009114068001100	Customer 745	1208
10423	1009123442001100	Customer 746	144
10423	1009124555001400	Customer 747	512.5
10423	1009131156001000	Customer 748	1650
10423	1009135719001700	Customer 749	123456.7
10423	1009143695001100	Customer 750	700488
10423	1009146593001300	Customer 751	0
10423	1009148486001000	Customer 752	1.5
10423	1009149640001100	Customer 753	7104973
10423	1009150524001400	Customer 754	8608
10423	1009153382001800	Customer 755	23399
10423	1009157877001600	Customer 756	0
10423	1009158217001000	Customer 757	608
10423	1009165208002900	Customer 758	123456.7
10423	1009176299001400	Customer 759	226389
10423	1009184042001100	Customer 760	3644
10423	1009190741001100	Customer 761	123456.7
10423	1009190752001300	Customer 762	608
10423	1009200886001600	Customer 763	644
10423	1009201697002300	Customer 764	123456.7
10423	1009204800001200	Customer 765	801375
10423	1009206254001100	Customer 766	608
10423	1009213494001700	Customer 767	3644
10423	1009216100001700	Customer 768	1208
10423	1009216184001500	Customer 769	1374788
10423	1009219149001400	Customer 770	1544
10423	1009219834001800	Customer 771	644
10423	1009220955001300	Customer 772	848
10423	1009222348001700	Customer 773	260
10423	1009226064001500	Customer 774	3608
10423	1009226133001200	Customer 775	1000
10423	1009226361001100	Customer 776	485848
10423	1009233025001900	Customer 777	7310
10423	1009234336001200	Customer 778	189818
10423	1009237834001100	Customer 779	11520
10423	1009238020001400	Customer 780	825.5
10423	1009240070001200	Customer 781	0
10423	1009241477001200	Customer 782	1996778
10423	1009241839001800	Customer 783	608
10423	1009242166001500	Customer 784	0
10423	1009242182001400	Customer 785	3644
10423	1009242524002000	Customer 786	123456.7
10423	1009242713001100	Customer 787	6190
10423	1009243009001000	Customer 788	644
10423	1009247575001800	Customer 789	1000
10423	1009249739001900	Customer 790	800
10423	1009250925001500	Customer 791	2288
10423	1009253390001600	Customer 792	0
10423	1009254891001600	Customer 793	0
10423	1009259241001600	Customer 794	0
10423	1009259961001300	Customer 795	1578950
10423	1009268731001800	Customer 796	366125.5
10423	1009274253001600	Customer 797	1000
10423	1009276421002100	Customer 798	1000
10423	1009279810001600	Customer 799	608
10489	1009283140001300	Customer 800	0
10489	1009286503001200	Customer 801	123456.7
10489	1009287572001000	Customer 802	644
10489	1009287897001500	Customer 803	958
10489	1009288898001200	Customer 804	324110.2
10489	1009288926001000	Customer 805	738
10489	1009294218001000	Customer 806	326212.5
10489	1009317877001300	Customer 807	4752.5
10489	1009319658001400	Customer 808	50
10489	1009320249001900	Customer 809	123456.7
10489	1009339949001400	Customer 810	500610.5
10489	1009699351001800	Customer 811	1015637.9
10489	1009966684001300	Customer 812	586246.2
10489	1044444555003000	Customer 813	1239023.4
\.


--
-- Data for Name: location_images; Type: TABLE DATA; Schema: public; Owner: devuser
--

COPY public.location_images (id, created_at, location_id, image_category_id, image_path) FROM stdin;
\.


--
-- Data for Name: location_rating; Type: TABLE DATA; Schema: public; Owner: devuser
--

COPY public.location_rating (location_id, daily, weekly, monthly, yearly, year_to_date) FROM stdin;
10004	\N	\N	\N	\N	\N
10001	\N	\N	\N	\N	\N
10005	\N	\N	\N	\N	\N
10003	\N	\N	\N	\N	\N
10002	\N	\N	\N	\N	\N
10072	1	2	2	1	1
10172	2	1	3	4	4
10272	3	3	1	2	3
10423	4	5	4	3	5
10489	5	4	5	5	2
10722	6	7	7	6	6
10741	7	9	6	7	8
10825	8	6	9	8	7
11203	9	8	8	9	9
\.


--
-- Data for Name: location_relations; Type: TABLE DATA; Schema: public; Owner: devuser
--

COPY public.location_relations (location_id, relation, description, balance) FROM stdin;
\.


--
-- Data for Name: location_types; Type: TABLE DATA; Schema: public; Owner: devuser
--

COPY public.location_types (location_type_id, description) FROM stdin;
1	branch
2	office
\.


--
-- Data for Name: locations; Type: TABLE DATA; Schema: public; Owner: devuser
--

COPY public.locations (location_id, location_description, address, contact_no, latitude, longitude, location_type, created_at, finance_type, location_code, accounts_active, accounts_closed, accounts_dormant, accounts_high_risk, accounts_medium_risk, accounts_low_risk, audit_category, h_id) FROM stdin;
10172	Karachi Branch	\N	\N	24.858480	67.001884	branch	\N	\N	\N	103265	12365	7854	9854	12984	\N	A	01-03-02-02
10272	Faisalabad Branch	\N	\N	31.418715	73.079109	branch	\N	\N	\N	95632	7854	6532	6512	45126	\N	B	01-02-02-03
10423	Multan Branch	\N	\N	30.181459	71.492157	branch	\N	\N	\N	78564	1256	4532	2154	4587	\N	A	01-02-03-02
10489	Peshawar Branch	\N	\N	34.025917	71.560135	branch	\N	\N	\N	68745	8945	8945	7856	5478	\N	C	01-04-02-02
10722	Quetta Branch	\N	\N	30.183270	66.996452	branch	\N	\N	\N	84521	5632	6512	5432	6521	\N	C	01-05-02-02
10072	Lahore Branch	\N	\N	31.582045	74.329376	branch	\N	\N	\N	\N	\N	\N	\N	\N	\N	A	01-02-02-02
10741	Islamabad Branch	\N	\N	33.738045\t	73.084488	branch	\N	\N	\N	48567	7854	7964	6497	5498	\N	B	01-02-02-04
10825	Bahawalpur Branch	\N	\N	29.418068	71.670685	branch	\N	\N	\N	86526	4578	5431	4612	7845	\N	B	01-02-03-03
11203	Sukkur Branch	\N	\N	27.713926	68.836899	branch	\N	\N	\N	36548	4512	9854	7845	4521	\N	C	01-03-03-02
00001	Lead Company	\N	\N	\N	\N	\N	\N	\N	\N	\N	\N	\N	\N	\N	\N	\N	01
00011	Punjab Region	\N	\N	\N	\N	\N	\N	\N	\N	\N	\N	\N	\N	\N	\N	\N	01-02
00021	Sindh Region	\N	\N	\N	\N	\N	\N	\N	\N	\N	\N	\N	\N	\N	\N	\N	01-03
00031	KPK Region	\N	\N	\N	\N	\N	\N	\N	\N	\N	\N	\N	\N	\N	\N	\N	01-04
00041	Balochistan Region	\N	\N	\N	\N	\N	\N	\N	\N	\N	\N	\N	\N	\N	\N	\N	01-05
10001	Head Office	Islamabad	12344321	\N	\N	branch	2022-09-10 09:56:48.75109	\N	\N	\N	\N	\N	\N	\N	\N	\N	01-01
10002	Punjab Office	Lahore	\N	\N	\N	\N	\N	\N	\N	\N	\N	\N	\N	\N	\N	\N	01-02-01
10003	Sindh Office	Karachi	\N	\N	\N	\N	\N	\N	\N	\N	\N	\N	\N	\N	\N	\N	01-03-01
10004	KPK Office	Peshawar	\N	\N	\N	\N	\N	\N	\N	\N	\N	\N	\N	\N	\N	\N	01-04-01
10005	Balochistan Office	Quetta	\N	\N	\N	\N	\N	\N	\N	\N	\N	\N	\N	\N	\N	\N	01-05-01
00111	Punjab Sub Region 1	\N	\N	\N	\N	\N	\N	\N	\N	\N	\N	\N	\N	\N	\N	\N	01-02-02
00121	Sindh Sub Region 1	\N	\N	\N	\N	\N	\N	\N	\N	\N	\N	\N	\N	\N	\N	\N	01-03-02
00131	KPK Sub Region 1	\N	\N	\N	\N	\N	\N	\N	\N	\N	\N	\N	\N	\N	\N	\N	01-04-02
00141	Balochistan Sub Region 1	\N	\N	\N	\N	\N	\N	\N	\N	\N	\N	\N	\N	\N	\N	\N	01-05-02
00211	Punjab Sub Region 2	\N	\N	\N	\N	\N	\N	\N	\N	\N	\N	\N	\N	\N	\N	\N	01-02-03
00221	Sindh Sub Region 2	\N	\N	\N	\N	\N	\N	\N	\N	\N	\N	\N	\N	\N	\N	\N	01-03-03
00231	KPK SUb Region 2	\N	\N	\N	\N	\N	\N	\N	\N	\N	\N	\N	\N	\N	\N	\N	01-04-03
\.


--
-- Data for Name: transaction_activity; Type: TABLE DATA; Schema: public; Owner: devuser
--

COPY public.transaction_activity (location_id, activity, daily, weekly, monthly, yearly, year_to_date) FROM stdin;
\.


--
-- Data for Name: untitled_table; Type: TABLE DATA; Schema: public; Owner: devuser
--

COPY public.untitled_table (branchid, branchdesc) FROM stdin;
9999	brnch1
\.


--
-- Data for Name: user_categories; Type: TABLE DATA; Schema: public; Owner: devuser
--

COPY public.user_categories (category_id, description) FROM stdin;
R	Read
W	Write
A	All
\.


--
-- Data for Name: user_loc_mapping; Type: TABLE DATA; Schema: public; Owner: devuser
--

COPY public.user_loc_mapping (user_id, location_id, category_id) FROM stdin;
\.


--
-- Data for Name: user_locations; Type: TABLE DATA; Schema: public; Owner: devuser
--

COPY public.user_locations (user_id, location_id, category_id) FROM stdin;
user_2	100004	A
user_1	00221	A
user_3	10172	R
user_3	10072	W
user_2	00031	R
user_1	00001	R
\.

